city,town,hospital,address,mapx,mapy
서울특별시,종로구,서울대학교병원,서울특별시 종로구 대학로 101,126.9990167,37.579715
서울특별시,종로구,강북삼성병원,서울특별시 종로구 새문안로 29 강북삼성병원,126.96775,37.5684083
서울특별시,종로구,서울적십자병원,서울특별시 종로구 새문안로 9,126.9669973,37.5671804
서울특별시,종로구,세란병원,서울특별시 종로구 통일로 256 세란병원,126.9574606,37.5751835
서울특별시,중구,국립중앙의료원,서울특별시 중구 을지로 245 국립중앙의료원,127.0056709,37.5672137
서울특별시,용산구,순천향대학교부속서울병원,서울특별시 용산구 대사관로 59,127.0042579,37.5338039
서울특별시,성동구,한양대학교병원,서울특별시 성동구 왕십리로 222-1,127.0441339,37.5596569
서울특별시,광진구,건국대학교병원,서울특별시 광진구 능동로 120-1 건국대학교병원,127.0718275,37.5403764
서울특별시,광진구,혜민병원,서울특별시 광진구 자양로 85 혜민병원,127.0836246,37.5354079
서울특별시,동대문구,경희대학교병원,서울특별시 동대문구 경희대로 23,127.051852,37.5941195
서울특별시,동대문구,삼육서울병원,서울특별시 동대문구 망우로 82,127.0653065,37.5879909
서울특별시,동대문구,서울특별시동부병원,서울특별시 동대문구 무학로 124,127.0313409,37.5753681
서울특별시,동대문구,서울성심병원,서울특별시 동대문구 왕산로 259 서울성심병원,127.0497295,37.5843076
서울특별시,중랑구,동부제일병원,서울특별시 중랑구 망우로 511,127.1090094,37.6007084
서울특별시,중랑구,녹색병원,서울특별시 중랑구 사가정로49길 53 원진재단부설녹색병원,127.0859729,37.5835429
서울특별시,중랑구,서울특별시서울의료원,서울특별시 중랑구 신내로 156 서울의료원,127.0978308,37.6132761
서울특별시,성북구,고려대학교의과대학부속병원(안암병원,서울특별시 성북구 고려대로 73 고려대학교 안암병원,127.0263537,37.5870165
서울특별시,도봉구,한일병원,서울특별시 도봉구 우이천로 308 한일병원,127.0291227,37.6461401
서울특별시,노원구,한국원자력의학원원자력병원,서울특별시 노원구 노원로 75 원자력병원,127.0824198,37.6288667
서울특별시,노원구,인제대학교상계백병원,서울특별시 노원구 동일로 1342 상계백병원,127.0629908,37.6485408
서울특별시,노원구,노원을지대학교병원,서울특별시 노원구 한글비석로 68,127.0699354,37.6364793
서울특별시,은평구,가톨릭대학교 은평성모병원,서울특별시 은평구 통일로 1021,126.9161912,37.6334944
서울특별시,은평구,청구성심병원,서울특별시 은평구 통일로 873,126.9197005,37.6208614
서울특별시,서대문구,연세대학교의과대학세브란스병원,서울특별시 서대문구 연세로 50-1,126.9408264,37.5623445
서울특별시,서대문구,동신병원,서울특별시 서대문구 연희로 272,126.936425,37.5813323
서울특별시,양천구,홍익병원,서울특별시 양천구 목동로 225 홍익병원본관,126.8636447,37.5284759
서울특별시,양천구,서울특별시서남병원,서울특별시 양천구 신정이펜1로 20,126.8331531,37.5120195
서울특별시,양천구,이화여자대학교의과대학부속목동병원,서울특별시 양천구 안양천로 1071,126.8862044,37.5366019
서울특별시,강서구,이화여자대학교의과대학부속서울병원,서울특별시 강서구 공항대로 260,126.8360047,37.5568962
서울특별시,강서구,부민병원,서울특별시 강서구 공항대로 389 부민병원,126.85095,37.5568917
서울특별시,구로구,구로성심병원,서울특별시 구로구 경인로 427,126.8663915,37.4996958
서울특별시,구로구,고려대학교의과대학부속구로병원,서울특별시 구로구 구로동로 148,126.8848701,37.4920519
서울특별시,금천구,희명병원,서울특별시 금천구 시흥대로 244,126.9005836,37.4556869
서울특별시,영등포구,가톨릭대학교 여의도성모병원,서울특별시 영등포구 63로 10 여의도성모병원,126.9367516,37.5183252
서울특별시,영등포구,명지성모병원,서울특별시 영등포구 도림로 156 명지성모병원,126.8992478,37.4940033
서울특별시,영등포구,대림성모병원,서울특별시 영등포구 시흥대로 657 대림성모병원,126.907359,37.490566
서울특별시,영등포구,한림대학교강남성심병원,서울특별시 영등포구 신길로 1 강남성심병원,126.9086527,37.4937261
서울특별시,영등포구,성애병원,서울특별시 영등포구 여의대방로53길 22 성애병원,126.9225002,37.5120273
서울특별시,동작구,서울특별시보라매병원,서울특별시 동작구 보라매로5길 20 서울특별시보라매병원,126.9239058,37.4934413
서울특별시,동작구,중앙대학교병원,서울특별시 동작구 흑석로 102 중앙대학교병원,126.9607839,37.506748
서울특별시,관악구, 에이치플러스양지병원,서울특별시 관악구 남부순환로 1636 에이치플러스 양지병원,126.9325691,37.4841536
서울특별시,서초구,가톨릭학원가톨릭대학교서울성모병원,,127.0058206,37.5024443
서울특별시,강남구,연세대학교의과대학강남세브란스병원,서울특별시 강남구 언주로 211 강남세브란스병원,127.0462683,37.4929296
서울특별시,강남구,삼성서울병원,서울특별시 강남구 일원로 81 삼성의료원,127.0851507,37.4882976
서울특별시,송파구,경찰병원,서울특별시 송파구 송이로 123 국립경찰병원,127.1235089,37.4963836
서울특별시,송파구,서울아산병원,서울특별시 송파구 올림픽로43길 88 서울아산병원,127.1079349,37.5265761
서울특별시,강동구,강동경희대학교의대병원,서울특별시 강동구 동남로 892,127.1576732,37.553536
서울특별시,강동구,강동성심병원,서울특별시 강동구 성안로 150 강동성심병원,127.1353995,37.535963
서울특별시,강동구,중앙보훈병원,서울특별시 강동구 진황도로61길 53 중앙보훈병원,127.147869,37.5303392
부산광역시,중구, 메리놀병원,부산광역시 중구 중구로 121,129.0324148,35.1076837
부산광역시,서구,고신대학교복음병원,부산광역시 서구 감천로 262 고신대학교복음병원,129.0158968,35.0804374
부산광역시,서구,동아대학교병원,부산광역시 서구 대신공원로 26,129.017539,35.1201681
부산광역시,서구,삼육부산병원,부산광역시 서구 대티로 170,129.0110653,35.1127675
부산광역시,동구,좋은문화병원,부산광역시 동구 범일로 119,129.0590919,35.1408881
부산광역시,동구, 봉생기념병원,부산광역시 동구 중앙대로 401,129.0501906,35.1310264
부산광역시,영도구, 해동병원,부산광역시 영도구 태종로 133 해동병원,129.0438999,35.0919051
부산광역시,영도구,영도병원,부산광역시 영도구 태종로 85 영도병원,129.0405428,35.0921491
부산광역시,부산진구, 온종합병원,부산광역시 부산진구 가야대로 721,129.0499565,35.1578994
부산광역시,부산진구,인제대학교부산백병원,부산광역시 부산진구 복지로 75,129.0208925,35.1461809
부산광역시,부산진구,동의병원,"부산광역시 부산진구 양정로 62 동의의료원, 동의병원, 동의대학교한방병원",129.076514,35.1698202
부산광역시,부산진구, 춘해병원,부산광역시 부산진구 중앙대로 605,129.0583895,35.1469382
부산광역시,동래구,동래봉생병원,부산광역시 동래구 안연로109번길 27 동래봉생병원,129.0961356,35.1969224
부산광역시,동래구,대동병원,부산광역시 동래구 충렬대로 187 대동병원,129.0802032,35.2042537
부산광역시,동래구, 광혜병원,부산광역시 동래구 충렬대로 96,129.0711482,35.2070104
부산광역시,남구,부산성모병원,부산광역시 남구 용호로232번길 25-14 부산성모병원,129.109125,35.110457
부산광역시,북구,구포성심병원,부산광역시 북구 낙동대로 1786,129.0046776,35.209721
부산광역시,북구, 부민병원,부산광역시 북구 만덕대로 59,129.0112549,35.2119078
부산광역시,해운대구, 해운대부민병원,부산광역시 해운대구 해운대로 584,129.1556752,35.1614498
부산광역시,해운대구,인제대학교 해운대백병원,부산광역시 해운대구 해운대로 875 인제대학교해운대백병원,129.182013,35.1734429
부산광역시,연제구,부산광역시의료원,부산광역시 연제구 월드컵대로 359 부산의료원,129.0592351,35.1872821
부산광역시,수영구, 좋은강안병원,부산광역시 수영구 수영로 493 의료법인은성의료재단좋은강안병원,129.1106217,35.1500684
부산광역시,수영구,비에이치에스한서병원,부산광역시 수영구 수영로 615,129.1131037,35.16088
부산광역시,수영구, 센텀종합병원,부산광역시 수영구 수영로679번길 8,129.1144554,35.166733
부산광역시,사상구,좋은삼선병원,부산광역시 사상구 가야대로 326,129.0082462,35.150416
부산광역시,사상구, 부산보훈병원,부산광역시 사상구 백양대로 420,129.006575,35.153382
부산광역시,기장군,기장병원,부산광역시 기장군 기장읍 대청로72번길 6 기장병원,129.2164241,35.235968
부산광역시,기장군,동남권원자력의학원원자력병원,부산광역시 기장군 장안읍 좌동길 40 동남권원자력의학원,129.2435492,35.3214001
대구광역시,중구,곽병원,대구광역시 중구 국채보상로 531 곽병원,128.5885849,35.8710213
대구광역시,중구,계명대학교대구동산병원,대구광역시 중구 달성로 56 계명대학교 대구동산병원,128.5831322,35.8694728
대구광역시,중구,경북대학교병원,대구광역시 북구 호국로 807,128.5646727,35.9564206
대구광역시,동구,강남종합병원,대구광역시 동구 동촌로 209,128.6639278,35.8826783
대구광역시,동구,대구파티마병원,대구광역시 동구 아양로 99 파티마병원,128.6244071,35.884261
대구광역시,서구,구병원,대구광역시 달서구 감삼북길 141,128.5413274,35.8506543
대구광역시,서구,계명대학교동산병원,대구광역시 달서구 달구벌대로 1035,128.4802188,35.8540994
대구광역시,서구,더블유병원,대구광역시 수성구 화랑로 58 더블유여성병원,128.6339776,35.8708473
대구광역시,서구,대구보훈병원,대구광역시 달서구 월곡로 60,128.5519784,35.8028205
대구광역시,서구,삼일병원,대구광역시 달서구 월배로 436,128.5535888,35.8323941
대구광역시,서구,나사렛종합병원,대구광역시 달서구 월배로 97,128.5250772,35.8147313
대구광역시,서구,대구의료원,대구광역시 서구 평리로 157 대구의료원,128.540587,35.85964
대구광역시,남구,드림종합병원,대구광역시 남구 대명로 153 드림종합병원,128.5745081,35.8396592
대구광역시,남구,대구가톨릭대학교병원,대구광역시 남구 두류공원로17길 33 대구가톨릭대학교병원,128.5679969,35.8436077
대구광역시,남구,대구굿모닝병원,대구광역시 남구 성당로 224,128.5740875,35.853007
대구광역시,남구,영남대학교병원,대구광역시 남구 현충로 170,128.5848999,35.847407
대구광역시,북구,대구가톨릭대학교칠곡가톨릭병원,대구광역시 북구 칠곡중앙대로 440,128.5493894,35.9348613
대구광역시,북구,칠곡경북대학교병원,대구광역시 북구 호국로 807,128.5646727,35.9564206
대구광역시,수성구,천주성삼병원,대구광역시 수성구 달구벌대로 3190,128.7055749,35.8402989
대구광역시,달서구,구병원,대구광역시 달서구 감삼북길 141,128.5413274,35.8506543
대구광역시,달서구,계명대학교동산병원,대구광역시 달서구 달구벌대로 1035,128.4802188,35.8540994
대구광역시,달서구,더블유병원,대구광역시 수성구 화랑로 58 더블유여성병원,128.6339776,35.8708473
대구광역시,달서구,대구보훈병원,대구광역시 달서구 월곡로 60,128.5519784,35.8028205
대구광역시,달서구,삼일병원,대구광역시 달서구 월배로 436,128.5535888,35.8323941
대구광역시,달서구,나사렛종합병원,대구광역시 달서구 월배로 97,128.5250772,35.8147313
대구광역시,달성,계명대학교대구동산병원,대구광역시 중구 달성로 56 계명대학교 대구동산병원,128.5831322,35.8694728
인천광역시,중구,인천기독병원,인천광역시 중구 답동로30번길 10 인천기독병원,126.6321217,37.4712156
인천광역시,중구,인하대학교의과대학부속병원,인천광역시 중구 인항로 27,126.6340954,37.4586786
인천광역시,동구, 길병원,인천광역시 남동구 남동대로774번길 21,126.7092257,37.452171
인천광역시,동구,인천힘찬종합병원,인천광역시 남동구 논현로 72,126.714676,37.4011304
인천광역시,동구,인천광역시의료원,인천광역시 동구 방축로 217 인천광역시의료원,126.66875,37.4787429
인천광역시,동구, 인천백병원,인천광역시 동구 샛골로 214 인천백병원,126.6457359,37.4817429
인천광역시,연수구,나사렛국제병원,인천광역시 연수구 먼우금로 98,126.6705107,37.4080805
인천광역시,연수구,인천적십자병원,인천광역시 연수구 원인재로 263 인천적십자병원,126.6896544,37.4184945
인천광역시,남동구, 길병원,인천광역시 남동구 남동대로774번길 21,126.7092257,37.452171
인천광역시,남동구,인천힘찬종합병원,인천광역시 남동구 논현로 72,126.714676,37.4011304
인천광역시,부평구,가톨릭대학교 인천성모병원,인천광역시 부평구 동수로 56,126.7248987,37.4848309
인천광역시,부평구, 부평세림병원,인천광역시 부평구 부평대로 175 부평세림병원,126.7199857,37.5068719
인천광역시,계양구,인천병원,인천광역시 부평구 무네미로 446,126.7536332,37.4767018
인천광역시,계양구,한림병원,인천광역시 계양구 장제로 722,126.7343513,37.5320981
인천광역시,서구,가톨릭관동대학교국제성모병원,인천광역시 서구 심곡로100번길 25 가톨릭관동대학교 국제성모병원,126.6836102,37.5424164
인천광역시,서구,온누리병원,인천광역시 서구 완정로 199,126.6543117,37.6028571
인천광역시,서구, 나은병원,인천광역시 서구 원적로 23,126.6797292,37.4890717
인천광역시,서구,검단탑병원,인천광역시 서구 청마로19번길 5 검단탑병원,126.6711791,37.5924835
인천광역시,서구, 뉴성민병원,인천광역시 서구 칠천왕로33번길 17 뉴성민병원,126.6698644,37.5096077
인천광역시,강화군,비에스종합병원,인천광역시 강화군 강화읍 충렬사로 31,126.4855875,37.736233
인천광역시,옹진군,인천광역시의료원백령병원,인천광역시 옹진군 백령면 백령로 233 인천광역시의료원 백령병원,124.7209794,37.9680656
광주광역시,동구,전남대학교병원,광주광역시 동구 제봉로 42 전남대학교병원,126.9215805,35.1418094
광주광역시,동구,조선대학교병원,광주광역시 동구 필문대로 365 조선대학교병원,126.9261467,35.1390537
광주광역시,서구,서광병원,광주광역시 서구 금화로59번길 6 서광병원,126.8555877,35.1326051
광주광역시,서구,상무병원,광주광역시 서구 상무자유로 181-7,126.8539,35.152407
광주광역시,서구,광주한국병원,광주광역시 서구 월드컵4강로 223,126.8688163,35.1562165
광주광역시,서구,미래로21병원,광주광역시 서구 화운로 1,126.8853129,35.1410763
광주광역시,남구,동아병원,광주광역시 남구 대남대로 238,126.8999505,35.1348131
광주광역시,남구,광주씨티병원,광주광역시 남구 서문대로654번길 5,126.8995001,35.1177842
광주광역시,남구,광주기독병원,광주광역시 남구 양림로 37,126.9118749,35.136665
광주광역시,북구,광주병원,광주광역시 북구 면앙로139번길 51 광주병원,126.928138,35.1789349
광주광역시,북구,운암한국병원,광주광역시 북구 북문대로 191 한국병원,126.8696693,35.1850041
광주광역시,북구,광주현대병원,광주광역시 북구 설죽로 291,126.897925,35.185676
광주광역시,북구,광주일곡병원,광주광역시 북구 양일로 309 일곡병원,126.897588,35.202826
광주광역시,북구,광주희망병원,광주광역시 북구 하서로 429 희망병원,126.8746441,35.2134569
광주광역시,광산구,신가병원,광주광역시 광산구 목련로 316 신가병원,126.8296072,35.1774864
광주광역시,광산구,광주센트럴병원,광주광역시 광산구 수완로 6,126.8291069,35.1857756
광주광역시,광산구,KS병원,광주광역시 광산구 왕버들로 220,126.8332983,35.1978115
광주광역시,광산구,하남성심병원,광주광역시 광산구 용아로 259,126.8009586,35.1666556
광주광역시,광산구,광주수완병원,광주광역시 광산구 임방울대로 370,126.8242,35.1931393
광주광역시,광산구,광주보훈병원,광주광역시 광산구 첨단월봉로 99 보훈병원,126.849672,35.2079032
광주광역시,광산구,첨단종합병원,광주광역시 광산구 첨단중앙로170번길 59,126.84515,35.2211429
대전광역시,동구,대전한국병원,대전광역시 동구 동서대로 1672 대전한국병원,127.4358122,36.3481706
대전광역시,중구,성모병원,대전광역시 중구 대흥로 64 가톨릭대학교대전성모병원,127.4201629,36.323042
대전광역시,중구,대전선병원,대전광역시 중구 목중로 29 선병원,127.4104138,36.3360668
대전광역시,중구,충남대학교병원,대전광역시 중구 문화로 282 충남대학교병원,127.415363,36.316908
대전광역시,서구,대청병원,대전광역시 서구 계백로 1322,127.3705716,36.3082388
대전광역시,서구,건양대학교병원,대전광역시 서구 관저동로 158,127.342613,36.306642
대전광역시,서구,대전을지대학교병원,대전광역시 서구 둔산서로 95,127.3820744,36.3553609
대전광역시,유성구,유성선병원,대전광역시 유성구 북유성대로 93,127.3249507,36.3751715
대전광역시,대덕구,대전보훈병원,대전광역시 대덕구 신탄진동 대청로82번길 147,127.439686,36.4473107
울산광역시,중구,동강병원,울산광역시 중구 태화로 239 동강병원,129.3019631,35.553426
울산광역시,남구,중앙병원,울산광역시 남구 문수로 472,129.3046446,35.5322423
울산광역시,남구,좋은삼정병원,울산광역시 남구 북부순환도로 51 좋은삼정병원,129.2688242,35.5528955
울산광역시,남구,울산병원,울산광역시 남구 월평로171번길 13,129.3231103,35.5462648
울산광역시,동구,울산공업학원울산대학교병원,울산광역시 동구 대학병원로 25,129.4280828,35.5203507
울산광역시,북구,울산시티병원,울산광역시 북구 산업로 1007,129.359,35.582942
울산광역시,울주군,서울산보람병원,울산광역시 울주군 삼남읍 중평로 53,129.1210035,35.5597986
세종, ,여주병원,경기도 여주시 청심로 39 세종여주병원,127.6253003,37.3014839
세종, ,충남대학교병원,세종특별자치시 보듬7로 20,127.2580882,36.5195068
세종, , 엔케이병원,세종특별자치시 한누리대로 161,127.2622579,36.4796411
경기도,수원시 장안구,경기도의료원수원병원,경기도 수원시 장안구 수성로245번길 69 경기도의료원 수원병원,126.9963375,37.2918917
경기도,수원시 권선구,화홍병원,경기도 수원시 권선구 호매실로90번길 98,126.9639048,37.260206
경기도,수원시 팔달구,윌스기념병원,경기도 안양시 동안구 경수대로 560,126.958234,37.3727681
경기도,수원시 팔달구,동수원병원,경기도 수원시 팔달구 중부대로 165 동수원병원,127.0345486,37.2780648
경기도,수원시 팔달구,가톨릭대학교성빈센트병원,경기도 수원시 팔달구 중부대로 93 성빈센트병원,127.0274271,37.2779855
경기도,수원시 영통구,아주대학교병원,경기도 수원시 영통구 월드컵로 164,127.0476837,37.2794612
경기도,성남시 수정구,성남정병원,경기도 성남시 수정구 수정로 76,127.1289853,37.4398884
경기도,성남시 수정구,성남시의료원,경기도 성남시 수정구 수정로171번길 10,127.1391704,37.445108
경기도,성남시 중원구,성남중앙병원,경기도 성남시 중원구 산성대로476번길 12,127.1619932,37.4528496
경기도,성남시 분당구,분당서울대학교병원,경기도 성남시 분당구 구미로173번길 82,127.1232508,37.3519806
경기도,성남시 분당구,국군수도병원,경기도 성남시 분당구 새마을로177번길 81,127.1505439,37.3920995
경기도,성남시 분당구,분당제생병원,경기도 성남시 분당구 서현로180번길 20,127.1216801,37.3881522
경기도,성남시 분당구,차의과학대학교분당차병원,경기도 성남시 분당구 야탑로65번길 16 분당차병원 신관,127.1263712,37.4110576
경기도,의정부시,의정부백병원,경기도 의정부시 금신로 322 의정부백병원,127.0622374,37.7453262
경기도,의정부시,의정부을지대학교병원,경기도 의정부시 동일로 712,127.0506997,37.7518185
경기도,의정부시,가톨릭대학교의정부성모병원,경기도 의정부시 천보로 271 가톨릭대학교 의정부성모병원,127.0777625,37.7587045
경기도,의정부시,추병원,경기도 의정부시 평화로 650 추병원,127.0450722,37.7497898
경기도,의정부시,경기도의료원의정부병원,경기도 의정부시 흥선로 142 경기도도립의료원의정부병원,127.0425004,37.7411609
경기도,만안구,안양샘병원,경기도 안양시 만안구 삼덕로 9,126.9243939,37.3935234
경기도,동안구,한림대학교성심병원,경기도 안양시 동안구 관평로170번길 22 한림대학교성심병원,126.9620529,37.3917575
경기도,부천시,부천병원,경기도 부천시 원미구 길주로 180 현대백화점 중동점 본관 9층,126.7624757,37.504435
경기도,부천시,가톨릭대학교부천성모병원,경기도 부천시 원미구 소사로 327,126.7924166,37.4871165
경기도,부천시,순천향대학교부속부천병원,경기도 부천시 원미구 조마루로 170,126.7629626,37.4986997
경기도,부천시,다니엘종합병원,경기도 부천시 원미구 중동로 361,126.7694764,37.5123067
경기도,광명시,중앙대학교광명병원,경기도 광명시 덕안로 110 중앙대학교광명병원,126.885556,37.4241394
경기도,광명시,광명성애병원,경기도 광명시 디지털로 36 광명성애병원,126.8717821,37.4735094
경기도,평택시,박병원,경기도 평택시 송탄로 33 PMC박병원,127.0570008,37.0482657
경기도,평택시,굿모닝병원,경기도 평택시 중앙로 338,127.1204113,36.9906277
경기도,평택시,박애병원,경기도 평택시 평택2로20번길 3,127.089075,36.9930802
경기도,평택시,평택성모병원,경기도 평택시 평택로 284,127.0743332,37.0083319
경기도,상록구,근로복지공단안산병원,경기도 안산시 상록구 구룡로 87,126.8741389,37.3167268
경기도,상록구,사랑의병원,경기도 성남시 분당구 분당내곡로 151,127.1125205,37.3973644
경기도,단원구,한도병원,경기도 안산시 단원구 선부광장로 103,126.8076293,37.3340708
경기도,단원구,단원병원,경기도 안산시 단원구 원포공원1로 20,126.8130425,37.3001983
경기도,단원구,고려대학교의과대학부속안산병원,경기도 안산시 단원구 적금로 123 고려대학병원,126.8249033,37.3185144
경기도,덕양구,명지병원,경기도 고양시 덕양구 화수로14번길 55,126.8312622,37.6419949
경기도,일산동구,동국대학교일산불교병원,경기도 고양시 일산동구 동국로 27 동국대학교 일산병원,126.8064233,37.6763969
경기도,일산동구,국민건강보험공단일산병원,경기도 고양시 일산동구 일산로 100 일산병원,126.7933092,37.6455486
경기도,일산동구,국립암센터,경기도 고양시 일산동구 일산로 323 국립암센터,126.7834097,37.6632301
경기도,일산동구,일산차병원,경기도 고양시 일산동구 중앙로 1205,126.7757717,37.6540806
경기도,일산서구,인제대학교일산백병원,경기도 고양시 일산서구 주화로 170 일산백병원,126.750433,37.6743137
경기도,구리시,한양대학교구리병원,경기도 구리시 경춘로 153 한양대학교구리병원,127.1324272,37.6012985
경기도,남양주시,남양주한양병원,경기도 남양주시 오남읍 양지로 47-55 남양주한양병원,127.2043933,37.6823474
경기도,남양주시,현대병원,경기도 남양주시 진접읍 봉현로 21,127.1799562,37.7154673
경기도,남양주시,엘병원,경기도 남양주시 퇴계원읍 퇴계원로 20 엘병원,127.1410487,37.6487335
경기도,오산시,오산한국병원,경기도 오산시 밀머리로1번길 16,127.0753662,37.1412709
경기도,시흥시,센트럴병원,경기도 시흥시 공단1대로 237,126.7281266,37.3369083
경기도,시흥시,시화병원,경기도 시흥시 군자천로 381 시화병원,126.7371914,37.3500741
경기도,시흥시,신천연합병원,경기도 시흥시 복지로 57,126.7894932,37.4445152
경기도,군포시,지샘병원,경기도 군포시 군포로 591,126.9473352,37.3588428
경기도,군포시,원광대학교산본병원,경기도 군포시 산본로 321,126.9335764,37.3594242
경기도,처인구,용인서울병원,경기도 용인시 처인구 고림로 81 용인서울병원,127.2144906,37.2403176
경기도,처인구,명주병원,경기도 용인시 처인구 금령로39번길 8-6 명주병원,127.2010837,37.2354076
경기도,처인구,다보스병원,경기도 용인시 처인구 백옥대로1082번길 18,127.2114647,37.2314882
경기도,기흥구,연세대학교의과대학용인세브란스병원,경기도 용인시 기흥구 동백죽전대로 363,127.1485144,37.270805
경기도,기흥구,강남병원,경기도 용인시 기흥구 중부대로 411,127.1115072,37.2737515
경기도,파주시,메디인병원,경기도 파주시 금릉역로 190 1층,126.7666689,37.7610732
경기도,파주시,경기도의료원파주병원,경기도 파주시 중앙로 207 경기도립의료원파주병원,126.7801502,37.7550649
경기도,이천시,경기도의료원이천병원,경기도 이천시 경충대로 2742 경기도의료원이천병원,127.4330562,37.2828594
경기도,안성시,경기도의료원안성병원,경기도 안성시 남파로 95,127.2602193,37.0171792
경기도,안성시,안성성모병원,경기도 안성시 시장길 58,127.2709213,37.0062179
경기도,김포시,김포우리병원,경기도 김포시 감암로 11 김포우리병원,126.710733,37.6323325
경기도,김포시,뉴고려병원,경기도 김포시 김포한강3로 283,126.6601837,37.6408873
경기도,화성시,화성디에스병원,경기도 화성시 남양읍 시청로160번길 46-13 화성디에스병원,126.8257516,37.1992996
경기도,화성시,한림대학교동탄성심병원,경기도 화성시 큰재봉길 7,127.0801288,37.2166283
경기도,화성시,화성중앙종합병원,경기도 화성시 향남읍 발안로 5,126.9108361,37.1312957
경기도,화성시,원광종합병원,경기도 화성시 화산북로 21,127.0081671,37.2101077
경기도,광주시,참조은병원,경기도 광주시 광주대로 45,127.260254,37.4109626
경기도,양주시,남양주한양병원,경기도 남양주시 오남읍 양지로 47-55 남양주한양병원,127.2043933,37.6823474
경기도,양주시,현대병원,경기도 남양주시 진접읍 봉현로 21,127.1799562,37.7154673
경기도,양주시,엘병원,경기도 남양주시 퇴계원읍 퇴계원로 20 엘병원,127.1410487,37.6487335
경기도,포천시, 포천우리병원,경기도 포천시 소흘읍 호국로 661,127.1481862,37.827471
경기도,포천시,경기도의료원포천병원,경기도 포천시 포천로 1648,127.19828,37.9033162
경기도,여주시,여주병원,경기도 여주시 여흥로109번길 15 동방빌딩 2층 삼성신경정신과의원,127.6358928,37.2970355
경기도,연천군,연천군보건의료원,경기도 연천군 은대성로 95 연천군보건의료원,127.0609769,38.0234715
경기도,양평군,양평병원,경기도 양평군 양평읍 중앙로 129 양평길병원,127.5035412,37.4938652
강원,춘천시,강원대학교병원,강원특별자치도 춘천시 백령로 156,127.7448909,37.8751611
강원,춘천시,한림대학교춘천성심병원,강원특별자치도 춘천시 삭주로 77,127.7399592,37.8840791
강원,원주시,강원특별자치도원주의료원,강원특별자치도 원주시 서원대로 387 강원특별자치도원주의료원,127.949225,37.332608
강원,원주시,성지병원,강원특별자치도 원주시 원일로 22,127.9541859,37.3454767
강원,원주시,연세대학교원주세브란스기독병원,강원특별자치도 원주시 일산로 20,127.945738,37.347815
강원,강릉시,강릉동인병원,강원특별자치도 강릉시 강릉대로419번길 42,128.90735,37.77435
강원,강릉시,강원특별자치도강릉의료원,강원특별자치도 강릉시 경강로 2007 강릉의료원,128.8888317,37.7492828
강원,강릉시,강릉아산병원,강원특별자치도 강릉시 사천면 방동길 38 강릉아산병원,128.8578411,37.8184324
강원,동해시,근로복지공단동해병원,강원특별자치도 동해시 하평로 11 동해병원,129.106078,37.5321225
강원,동해시,동해동인병원,강원특별자치도 동해시 하평로 26,129.1074625,37.5299417
강원,태백시,근로복지공단태백병원,강원특별자치도 태백시 보드미길 8,129.0043366,37.1040964
강원,속초시,강원특별자치도속초의료원,강원특별자치도 속초시 영랑호반길 3 속초의료원,128.5892485,38.2164607
강원,속초시,속초보광병원,강원특별자치도 속초시 중앙로 11,128.5783901,38.1980014
강원,삼척시,강원특별자치도삼척의료원,강원특별자치도 삼척시 오십천로 418,129.1638017,37.4403018
강원,홍천군,홍천아산병원,강원특별자치도 홍천군 홍천읍 산림공원1길 17,127.8948538,37.6908303
강원,횡성군,횡성대성병원,강원특별자치도 횡성군 횡성읍 횡성로 275 대성병원,127.9797573,37.4782572
강원,영월군,강원특별자치도영월의료원,강원특별자치도 영월군 중앙1로 59,128.4653458,37.1859327
강원,평창군,평창군보건의료원,강원특별자치도 평창군 평창읍 노성로 11,128.3907514,37.3689436
강원,정선군,근로복지공단정선병원,강원특별자치도 정선군 정선읍 봉양1길 145 근로복지공단 정선병원,128.6587349,37.3830727
강원,철원군,철원병원,강원특별자치도 철원군 갈말읍 명성로 208 철원병원,127.3079502,38.1504492
강원,화천군,화천군보건의료원,강원특별자치도 화천군 강변로 111 화천군보건의료원,127.7090502,38.1072478
강원,양구군,양구성심병원,강원특별자치도 양구군 중심로 160,127.9911463,38.104748
충청북도,청주시 상당구,한국병원,충청북도 청주시 상당구 단재로 106,127.4965379,36.6195069
충청북도,청주시 상당구,효성병원,충청북도 청주시 상당구 쇠내로 16 효성병원,127.4953372,36.6244786
충청북도,청주시 서원구,충북대학교병원,충청북도 청주시 서원구 1순환로 776 충북대학교병원,127.4614843,36.6242237
충청북도,청주시 서원구,충청북도청주의료원,충청북도 청주시 서원구 흥덕로 48,127.4730326,36.6402026
충청북도,청주시 흥덕구,하나병원,충청북도 청주시 흥덕구 2순환로 1262,127.4308626,36.6235046
충청북도,청주시 흥덕구,베스티안병원,충청북도 청주시 흥덕구 오송읍 오송생명1로 191,127.321646,36.6364891
충청북도,청주시 청원구,청주성모병원,충청북도 청주시 청원구 주성로 173-19 청주성모병원,127.4856545,36.6737973
충청북도,충주시,건국대학교충주병원,,127.9286382,36.9789989
충청북도,충주시,충청북도충주의료원,충청북도 충주시 안림로 239-50 충청북도충주의료원,127.9706116,36.9796505
충청북도,제천시,명지병원,충청북도 제천시 내토로 991,128.233951,37.1634681
충청북도,제천시,제천서울병원,충청북도 제천시 숭문로 57,128.2062355,37.138611
충청북도,옥천군,옥천성모병원,충청북도 옥천군 옥천읍 성왕로 1195,127.5720868,36.3134813
충청북도,영동군,영동병원,충청북도 영동군 영동읍 대학로 106 감고을요양병원,127.7808936,36.1852368
충청북도,진천군,중앙제일병원,충청북도 진천군 진천읍 중앙북로 36,127.4404043,36.8585629
충청북도,괴산군,괴산성모병원,충청북도 괴산군 괴산읍 임꺽정로 116,127.7842528,36.8154399
충청남도,천안시 동남구,단국대학교의과대학부속병원,충청남도 천안시 동남구 망향로 201,127.1723207,36.8417166
충청남도,천안시 동남구,동은학원순천향대학교부속천안병원,충청남도 천안시 동남구 순천향6길 31,127.1358587,36.802738
충청남도,천안시 동남구,충청남도천안의료원,충청남도 천안시 동남구 충절로 537,127.1791797,36.775627
충청남도,천안시 서북구,천안충무병원,충청남도 천안시 서북구 다가말3길 8,127.1316055,36.7974289
충청남도,공주시,충청남도공주의료원,충청남도 공주시 무령로 77,127.1094761,36.458987
충청남도,보령시,보령아산병원,충청남도 보령시 죽성로 136,126.6228522,36.3811282
충청남도,아산시,아산충무병원,충청남도 아산시 문화로 381,127.0198062,36.7792647
충청남도,서산시,서산중앙병원,충청남도 서산시 수석산업로 5,126.5034636,36.7810108
충청남도,서산시,충청남도서산의료원,충청남도 서산시 중앙로 149 충청남도서산의료원,126.4652577,36.7755834
충청남도,논산시,백제병원,충청남도 논산시 시민로294번길 14,127.0944739,36.1921929
충청남도,당진시,당진종합병원,충청남도 당진시 반촌로 5-15,126.6844488,36.9044002
충청남도,부여군,건양대학교부여병원,충청남도 부여군 부여읍 계백로 200 건양대부여병원,126.9017016,36.2755745
충청남도,서천군,서해병원,충청남도 서천군 서천읍 서천로 184 서해병원,126.6876615,36.0844072
충청남도,청양군,청양군보건의료원,충청남도 청양군 청양읍 칠갑산로7길 54 청양군보건의료원,126.8045129,36.4553429
충청남도,홍성군,충청남도홍성의료원,충청남도 홍성군 홍성읍 조양로 224,126.6744129,36.599349
충청남도,태안군,태안군보건의료원,충청남도 태안군 서해로 1952-16 태안군보건의료원,126.3231999,36.7518329
전주시,완산구,예수병원,전북특별자치도 전주시 완산구 서원로 365 예수병원,127.1332292,35.8143916
전주시,완산구,전주병원,전북특별자치도 전주시 완산구 한두평3길 13,127.1248245,35.8152645
전주시,덕진구,전북대학교병원,전북특별자치도 전주시 덕진구 건지로 20 전북대학교병원,127.1411625,35.8470973
전주시,덕진구,대자인병원,전북특별자치도 전주시 덕진구 견훤로 390 대자인병원,127.1534706,35.8459659
전주시,덕진구,호성전주병원,전북특별자치도 전주시 덕진구 동부대로 895,127.147875,35.8654999
군산시, ,전북특별자치도군산의료원,전북특별자치도 군산시 의료원로 27 군산의료원,126.7117406,35.9549526
군산시, ,동군산병원,전북특별자치도 군산시 조촌로 149 동군산병원,126.737162,35.9774829
익산시, ,원광대학교병원,전북특별자치도 익산시 무왕로 895 원광대학병원,126.9595793,35.9646389
익산시, ,익산병원,전북특별자치도 익산시 무왕로 969 익산병원,126.9665158,35.9616504
정읍시, ,정읍아산병원,전북특별자치도 정읍시 충정로 606-22 정읍아산병원,126.8234124,35.5888321
남원시, ,전북특별자치도 남원의료원,전북특별자치도 남원시 충정로 365,127.4073171,35.4318755
김제시, ,김제우석병원,전북특별자치도 김제시 서암4길 45,126.880348,35.8072242
진안군, ,진안군의료원,전북특별자치도 진안군 진안읍 진무로 1145,127.4320459,35.7953017
무주군, ,무주군보건의료원,전북특별자치도 무주군 한풍루로 413,127.6716938,36.0058715
장수군, ,장수군보건의료원,전북특별자치도 장수군 장수읍 장천로 247 장수보건의료원,127.5200201,35.6544833
임실군, ,임실군보건의료원,전북특별자치도 임실군 임실읍 호국로 1680,127.2870869,35.6126018
순창군, ,순창군보건의료원,전북특별자치도 순창군 순창읍 교성로 135 순창군보건의료원,127.1440999,35.3669575
고창군, ,고창병원,전북특별자치도 고창군 고창읍 화신1길 9,126.6933531,35.4364278
부안군, ,혜성병원,전북특별자치도 부안군 부안읍 부령로 33,126.746168,35.7328127
부안군, ,부안성모병원,전북특별자치도 부안군 부안읍 오정2길 24 부안성모병원,126.7345708,35.72484
전라남도,목포시, 세안종합병원,전라남도 목포시 고하대로 795-2,126.380233,34.8168191
전라남도,목포시,목포기독병원,전라남도 목포시 백년대로 303 목포기독병원,126.4205999,34.8045332
전라남도,목포시,목포한국병원,전라남도 목포시 영산로 483,126.4164222,34.8092996
전라남도,목포시, 목포중앙병원,전라남도 목포시 영산로 623,126.4210249,34.8213916
전라남도,목포시,목포시의료원,전라남도 목포시 이로로 18 목포의료원,126.4053626,34.8039838
전라남도,여수시,여천전남병원,전라남도 여수시 무선로 95 여천전남병원,127.6543239,34.7691121
전라남도,여수시, 여수제일병원,전라남도 여수시 쌍봉로 70,127.6634937,34.7661014
전라남도,여수시,여수전남병원,전라남도 여수시 좌수영로 49 전남병원,127.728018,34.7450673
전라남도,순천시,순천제일병원,전라남도 순천시 기적의도서관1길 3,127.524175,34.9549262
전라남도,순천시,전라남도순천의료원,전라남도 순천시 서문성터길 2 순천의료원,127.4834681,34.9579097
전라남도,순천시,성가롤로병원,전라남도 순천시 순광로 221,127.5437073,34.9647333
전라남도,순천시,한국병원,전라남도 목포시 영산로 483,126.4164222,34.8092996
전라남도,나주시,나주종합병원,전라남도 나주시 영산로 5419 나주병원,126.7213974,35.0363158
전라남도,나주시,빛가람종합병원,전라남도 나주시 정보화길 49 빛가람동,126.7987338,35.0241372
전라남도,광양시,광양사랑병원,전라남도 광양시 공영로 71 사랑병원,127.6969656,34.9361845
전라남도,광양시, 광양서울병원,전라남도 광양시 진등길 93 광양서울병원,127.6905821,34.9579361
전라남도,담양군,담양사랑병원,전라남도 담양군 담양읍 천변7길 19,126.9825102,35.3153616
전라남도,곡성군,곡성사랑병원,전라남도 곡성군 곡성읍 곡성로 761,127.2879035,35.2762592
전라남도,구례군,구례병원,전라남도 구례군 동편제길 4,127.4639375,35.2159095
전라남도,고흥군,고흥종합병원,전라남도 고흥군 고흥읍 고흥로 1935,127.2939625,34.6210654
전라남도,고흥군,녹동현대병원,전라남도 고흥군 도양읍 차경구렁목길 215,127.1457,34.5462582
전라남도,보성군,보성아산병원,전라남도 보성군 미력면 가평길 36-17,127.1045625,34.7758583
전라남도,보성군,삼호병원,전라남도 보성군 벌교읍 남하로 12 정자,127.3456592,34.8338452
전라남도,화순군,화순전남대학교병원,전라남도 화순군 화순읍 서양로 322 화순전남대학교병원,127.0025,35.0594333
전라남도,장흥군, 장흥종합병원,전라남도 장흥군 장흥읍 흥성로 74,126.9109162,34.6771314
전라남도,장흥군,장흥우리병원,전라남도 장흥군 장흥읍 흥성로 83 우리병원,126.9110663,34.6783837
전라남도,강진군,전라남도강진의료원,전라남도 강진군 강진읍 탐진로 5,126.7578653,34.6368113
전라남도,해남군,해남우리종합병원,전라남도 해남군 옥천면 해남로 597 해남우리병원,126.6465632,34.584252
전라남도,해남군, 해남종합병원,전라남도 해남군 해남로 45,126.6127914,34.5717971
전라남도,영암군,영암한국병원,전라남도 영암군 영암읍 오리정길 8,126.7011015,34.7942934
전라남도,무안군,무안병원,전라남도 무안군 무안읍 몽탄로 65 무안병원,126.4893984,34.9916301
전라남도,영광군, 영광기독병원,전라남도 영광군 영광읍 신남로 265,126.5108769,35.2749379
전라남도,영광군,영광종합병원,전라남도 영광군 영광읍 와룡로 3,126.4989779,35.2844615
전라남도,장성군, 장성병원,전라남도 장성군 장성읍 역전로 171,126.7835664,35.305868
전라남도,진도군,진도한국병원,전라남도 진도군 진도읍 남문길 48,126.2640943,34.4824203
전라남도,신안군,신안대우병원,전라남도 신안군 비금면 송치길 155-11,125.9326074,34.7222701
경상북도,포항시 남구,포항성모병원,경상북도 포항시 남구 대잠동길 17 포항 성모병원,129.3399527,36.0159002
경상북도,포항시 남구,포항세명기독병원,경상북도 포항시 남구 포스코대로 351,129.3622256,36.0177171
경상북도,포항시 남구,에스포항병원,경상북도 포항시 남구 희망대로 352 에스포항병원,129.3314129,36.0348142
경상북도,포항시 북구,좋은선린병원,경상북도 포항시 북구 대신로 43,129.3670367,36.048263
경상북도,포항시 북구,경상북도포항의료원,경상북도 포항시 북구 용흥로 36 포항의료원,129.3549409,36.0348813
경상북도,경주시,동국대학교의과대학경주병원,경상북도 경주시 동대로 87,129.1966582,35.8583075
경상북도,김천시,김천제일병원,경상북도 김천시 신음1길 12,128.1187922,36.1354003
경상북도,안동시,안동성소병원,경상북도 안동시 서동문로 99 안동성소병원,128.7228172,36.5672422
경상북도,안동시,안동병원,경상북도 안동시 앙실로 11 안동병원,128.7010976,36.5467408
경상북도,안동시,경상북도안동의료원,경상북도 안동시 태사2길 55 안동의료원,128.7321116,36.5682205
경상북도,구미시,순천향대학교부속구미병원,경상북도 구미시 1공단로 179 구미순천향병원,128.3827377,36.1029181
경상북도,구미시,차의과학대학교부속구미차병원,경상북도 구미시 신시로10길 12 차의과학대학교 부속 구미차병원,128.3405414,36.1145324
경상북도,구미시,구미강동병원,경상북도 구미시 인동20길 46,128.4227832,36.0962037
경상북도,영주시,영주기독병원,경상북도 영주시 구성로 380,128.6211143,36.8251759
경상북도,영주시,영주적십자병원,경상북도 영주시 대학로 327,128.6040108,36.8253365
경상북도,영천시,영남대학교의과대학부속영천병원,경상북도 영천시 오수1길 10,128.9136295,35.9575661
경상북도,상주시,상주성모병원,경상북도 상주시 냉림서성길 7,128.1597337,36.4203906
경상북도,상주시,상주적십자병원,경상북도 상주시 상서문로 53,128.1555556,36.4146221
경상북도,문경시,문경제일병원,경상북도 문경시 당교3길 25,128.189225,36.58444
경상북도,문경시,문경중앙병원,경상북도 문경시 중앙로 117-18,128.1990742,36.5959618
경상북도,경산시,경산중앙병원,경상북도 경산시 경안로 11 경산중앙병원,128.7401912,35.8088799
경상북도,경산시,세명병원,경상북도 경산시 경안로 208,128.7371689,35.8263331
경상북도,의성군,영남제일병원,경상북도 의성군 안계면 용기4길 36,128.4343159,36.3892713
경상북도,청송군,청송군보건의료원,경상북도 청송군 청송읍 의료원길 19 청송보건의료원,129.0526302,36.4310215
경상북도,청도군,청도대남병원,경상북도 청도군 화양읍 청화로 79-7,128.7369709,35.6488394
경상북도,고령군,고령영생병원,경상북도 고령군 대가야읍 중앙로 33 영생병원,128.2720182,35.7298852
경상북도,예천군,예천권병원,경상북도 예천군 예천읍 시장로 136 장례식장,128.4589419,36.6574115
경상북도,울진군,울진군의료원,경상북도 울진군 울진읍 현내항길 71 울진군의료원,129.4095737,36.992696
경상북도,울릉군,울릉군보건의료원,경상북도 울릉군 울릉읍 울릉순환로 396-18,130.8995243,37.4858676
경상남도,창원시 의창구,창원한마음병원,경상남도 창원시 의창구 용동로57번길 8,128.6990592,35.2379184
경상남도,창원시 의창구,창원파티마병원,경상남도 창원시 의창구 창이대로 45 창원파티마병원,128.6459129,35.237293
경상남도,창원시 성산구,창원경상국립대학교병원,경상남도 창원시 성산구 삼정자로 11 창원경상대학교병원,128.7078463,35.1990872
경상남도,창원시 마산합포구,경상남도마산의료원,경상남도 창원시 마산합포구 3·15대로 231 마산의료원,128.5655966,35.199237
경상남도,창원시 마산합포구,에스엠지연세병원,경상남도 창원시 마산합포구 3·15대로 76,128.5615852,35.1863059
경상남도,창원시 마산회원구,청아병원,경상남도 창원시 마산회원구 내서읍 광려천서로 67 청아병원,128.5096499,35.2480349
경상남도,창원시 마산회원구,성균관대학삼성창원병원,경상남도 창원시 마산회원구 팔용로 158,128.5923771,35.2424957
경상남도,창원시 진해구,연세에스병원,경상남도 창원시 진해구 해원로32번길 13 연세에스병원,128.6981494,35.1549331
경상남도,진주시,경상국립대학교병원,경상남도 진주시 강남로 79,128.0956716,35.1763252
경상남도,진주시,반도병원,경상남도 진주시 남강로 701,128.0882554,35.1918013
경상남도,진주시,진주고려병원,경상남도 진주시 동진로 2 진주고려병원,128.0920864,35.1784915
경상남도,진주시,한일병원,경상남도 진주시 범골로 17,128.128624,35.1669657
경상남도,진주시,진주복음병원,경상남도 진주시 진양호로 370,128.0693674,35.1853747
경상남도,진주시,제일병원,경상남도 진주시 진주대로 885 제일병원,128.0902544,35.1794722
경상남도,통영시,새통영병원,경상남도 통영시 무전7길 192 새통영병원,128.4207176,34.865362
경상남도,사천시, 삼천포서울병원,경상남도 사천시 남일로 33,128.0804186,34.9332698
경상남도,사천시,삼천포제일병원,경상남도 사천시 중앙로 136 삼천포제일병원,128.079592,34.9375064
경상남도,김해시,강일병원,경상남도 김해시 가락로 359,128.8696518,35.2567401
경상남도,김해시, 조은금강병원,경상남도 김해시 김해대로 1814-37,128.8615328,35.2623213
경상남도,김해시, 갑을장유병원,경상남도 김해시 장유로 167-13,128.8056,35.2086763
경상남도,김해시, 김해복음병원,경상남도 김해시 활천로 33 김해복음병원,128.8931625,35.2306262
경상남도,밀양시,밀양윤병원,경상남도 밀양시 삼문중앙로 32,128.7555903,35.4847247
경상남도,거제시, 거붕 백병원,경상남도 거제시 계룡로5길 14 거붕 백병원,128.6261659,34.8736094
경상남도,거제시,대우병원,경상남도 거제시 두모길 16,128.7220923,34.8719576
경상남도,거제시,맑은샘병원,경상남도 거제시 연초면 거제대로 4477,128.6437581,34.8978348
경상남도,양산시,양산부산대학교병원,경상남도 양산시 물금읍 금오로 20,129.0057274,35.32815
경상남도,의령군,의령병원,경상남도 의령군 의령읍 의병로14길 10,128.25865,35.3185917
경상남도,창녕군,한성병원,경상남도 창녕군 창녕읍 교리1길 2,128.493308,35.5421487
경상남도,고성군,강병원,경상남도 고성군 고성읍 중앙로 49,128.3254109,34.9741871
경상남도,남해군,남해병원,경상남도 남해군 남해읍 화전로 169,127.8942506,34.8464281
경상남도,산청군,산청군보건의료원,경상남도 산청군 산청읍 중앙로 97 산청군보건의료원,127.884202,35.4160951
경상남도,함양군,함양성심병원,경상남도 함양군 함양읍 고운로 70,127.729213,35.520467
경상남도,거창군,거창적십자병원,경상남도 거창군 거창읍 중앙로 91 거창적십자병원,127.9087378,35.6867599
경상남도,합천군,삼성합천병원,경상남도 합천군 대야로 876 삼성합천병원,128.1633047,35.5664432
제주,제주시,제주한라병원,제주특별자치도 제주시 도령로 65 한라병원,126.4850403,33.4899609
제주,제주시, 한국병원,제주특별자치도 제주시 서광로 193,126.517062,33.500233
제주,제주시,제주대학교병원,제주특별자치도 제주시 아란13길 15 제주대학병원,126.5452108,33.4671105
제주,제주시,한마음병원,제주특별자치도 제주시 연신로 52 한마음병원,126.5461843,33.4963114
제주,제주시, 중앙병원,제주특별자치도 제주시 중앙로14길 8,126.5234809,33.5114805
제주,서귀포시,제주특별자치도 서귀포의료원,제주특별자치도 서귀포시 장수로 47,126.5639215,33.2555354
